"customer_id","total_monthly_spend","avg_monthly_spend","month"
1,"31.93","4.5614285714285714","2"
1,"31.89","2.8990909090909091","3"
1,"50.88","4.2400000000000000","4"
2,"2.99","2.9900000000000000","2"
2,"44.89","4.0809090909090909","3"
2,"75.86","5.4185714285714286","4"
3,"25.96","6.4900000000000000","2"
3,"35.93","5.1328571428571429","3"
3,"68.87","5.2976923076923077","4"
4,"16.94","2.8233333333333333","2"
4,"42.89","3.8990909090909091","3"
4,"21.95","4.3900000000000000","4"
5,"19.95","3.9900000000000000","2"
5,"53.87","4.1438461538461538","3"
5,"59.84","3.7400000000000000","4"
5,"0.99","0.99000000000000000000","5"
6,"8.96","2.2400000000000000","2"
6,"48.88","4.0733333333333333","3"
6,"26.91","2.9900000000000000","4"
7,"10.95","2.1900000000000000","2"
7,"59.88","4.9900000000000000","3"
7,"59.89","5.4445454545454545","4"
8,"13.97","4.6566666666666667","2"
8,"35.92","4.4900000000000000","3"
8,"35.88","2.9900000000000000","4"
9,"12.98","6.4900000000000000","2"
9,"31.92","3.9900000000000000","3"
9,"28.91","3.2122222222222222","4"
9,"4.99","4.9900000000000000","5"
10,"15.95","3.1900000000000000","2"
10,"32.92","4.1150000000000000","3"
10,"45.89","4.1718181818181818","4"
11,"15.97","5.3233333333333333","2"
11,"28.92","3.6150000000000000","3"
11,"53.89","4.8990909090909091","4"
11,"0.99","0.99000000000000000000","5"
12,"26.94","4.4900000000000000","2"
12,"26.93","3.8471428571428571","3"
12,"39.87","3.0669230769230769","4"
13,"19.96","4.9900000000000000","2"
13,"49.90","4.9900000000000000","3"
13,"61.87","4.7592307692307692","4"
14,"4.99","4.9900000000000000","2"
14,"35.91","3.9900000000000000","3"
14,"50.88","4.2400000000000000","4"
14,"4.99","4.9900000000000000","5"
15,"9.97","3.3233333333333333","2"
15,"79.82","4.4344444444444444","3"
15,"40.91","4.5455555555555556","4"
15,"3.98","1.9900000000000000","5"
16,"25.95","5.1900000000000000","2"
16,"48.90","4.8900000000000000","3"
16,"34.90","3.4900000000000000","4"
17,"20.97","6.9900000000000000","2"
17,"22.94","3.8233333333333333","3"
17,"43.91","4.8788888888888889","4"
18,"25.96","6.4900000000000000","2"
18,"18.94","3.1566666666666667","3"
18,"33.91","3.7677777777777778","4"
19,"8.97","2.9900000000000000","2"
19,"54.91","6.1011111111111111","3"
19,"34.94","5.8233333333333333","4"
20,"14.96","3.7400000000000000","2"
20,"45.87","3.5284615384615385","3"
20,"42.90","4.2900000000000000","4"
21,"31.95","6.3900000000000000","2"
21,"79.83","4.6958823529411765","3"
21,"31.91","3.5455555555555556","4"
21,"2.99","2.9900000000000000","5"
22,"2.99","2.9900000000000000","2"
22,"54.90","5.4900000000000000","3"
22,"31.93","4.5614285714285714","4"
22,"4.99","4.9900000000000000","5"
23,"16.95","3.3900000000000000","2"
23,"25.92","3.2400000000000000","3"
23,"60.87","4.6823076923076923","4"
23,"2.99","2.9900000000000000","5"
24,"24.95","4.9900000000000000","2"
24,"33.91","3.7677777777777778","3"
24,"26.91","2.9900000000000000","4"
25,"33.94","5.6566666666666667","2"
25,"30.91","3.4344444444444444","3"
25,"39.88","3.3233333333333333","4"
26,"41.93","5.9900000000000000","2"
26,"57.88","4.8233333333333333","3"
26,"46.87","3.6053846153846154","4"
27,"30.92","3.8650000000000000","2"
27,"45.90","4.5900000000000000","3"
27,"46.88","3.9066666666666667","4"
28,"13.95","2.7900000000000000","2"
28,"36.90","3.6900000000000000","3"
28,"51.86","3.7042857142857143","4"
28,"2.99","2.9900000000000000","5"
29,"21.93","3.1328571428571429","2"
29,"68.84","4.3025000000000000","3"
29,"46.89","4.2627272727272727","4"
29,"0.99","0.99000000000000000000","5"
30,"12.96","3.2400000000000000","2"
30,"36.89","3.3536363636363636","3"
30,"73.81","3.8847368421052632","4"
31,"35.89","3.2627272727272727","2"
31,"19.96","4.9900000000000000","3"
31,"48.89","4.4445454545454545","4"
32,"15.96","3.9900000000000000","2"
32,"37.93","5.4185714285714286","3"
32,"58.85","3.9233333333333333","4"
33,"19.98","9.9900000000000000","2"
33,"37.91","4.2122222222222222","3"
33,"29.92","3.7400000000000000","4"
33,"0.99","0.99000000000000000000","5"
34,"11.97","3.9900000000000000","2"
34,"43.88","3.6566666666666667","3"
34,"33.91","3.7677777777777778","4"
35,"17.94","2.9900000000000000","2"
35,"31.92","3.9900000000000000","3"
35,"68.84","4.3025000000000000","4"
36,"0.99","0.99000000000000000000","2"
36,"48.89","4.4445454545454545","3"
36,"40.87","3.1438461538461538","4"
37,"10.97","3.6566666666666667","2"
37,"43.88","3.6566666666666667","3"
37,"36.94","6.1566666666666667","4"
38,"15.95","3.1900000000000000","2"
38,"45.89","4.1718181818181818","3"
38,"65.82","3.6566666666666667","4"
39,"26.94","4.4900000000000000","2"
39,"40.92","5.1150000000000000","3"
39,"73.85","4.9233333333333333","4"
40,"16.96","4.2400000000000000","2"
40,"47.89","4.3536363636363636","3"
40,"40.89","3.7172727272727273","4"
41,"12.98","6.4900000000000000","2"
41,"31.93","4.5614285714285714","3"
41,"70.85","4.7233333333333333","4"
41,"2.99","2.9900000000000000","5"
42,"12.96","3.2400000000000000","2"
42,"30.93","4.4185714285714286","3"
42,"61.84","3.8650000000000000","4"
42,"5.98","2.9900000000000000","5"
43,"4.99","4.9900000000000000","2"
43,"32.93","4.7042857142857143","3"
43,"47.88","3.9900000000000000","4"
43,"3.98","1.9900000000000000","5"
44,"15.96","3.9900000000000000","2"
44,"26.94","4.4900000000000000","3"
44,"53.90","5.3900000000000000","4"
44,"4.99","4.9900000000000000","5"
45,"17.95","3.5900000000000000","2"
45,"68.88","5.7400000000000000","3"
45,"37.91","4.2122222222222222","4"
46,"32.93","4.7042857142857143","2"
46,"65.84","4.1150000000000000","3"
46,"32.92","4.1150000000000000","4"
47,"17.97","5.9900000000000000","2"
47,"26.94","4.4900000000000000","3"
47,"47.90","4.7900000000000000","4"
48,"10.98","5.4900000000000000","2"
48,"11.96","2.9900000000000000","3"
48,"44.92","5.6150000000000000","4"
49,"23.95","4.7900000000000000","2"
49,"22.94","3.8233333333333333","3"
49,"69.87","5.3746153846153846","4"
50,"11.96","2.9900000000000000","2"
50,"51.91","5.7677777777777778","3"
50,"80.83","4.7547058823529412","4"
51,"2.98","1.49000000000000000000","2"
51,"61.84","3.8650000000000000","3"
51,"58.88","4.9066666666666667","4"
52,"13.96","3.4900000000000000","2"
52,"38.89","3.5354545454545455","3"
52,"48.88","4.0733333333333333","4"
52,"4.99","4.9900000000000000","5"
53,"10.95","2.1900000000000000","2"
53,"37.90","3.7900000000000000","3"
53,"31.93","4.5614285714285714","4"
53,"7.98","3.9900000000000000","5"
54,"19.96","4.9900000000000000","2"
54,"64.86","4.6328571428571429","3"
54,"29.92","3.7400000000000000","4"
55,"18.95","3.7900000000000000","2"
55,"28.93","4.1328571428571429","3"
55,"36.93","5.2757142857142857","4"
56,"13.96","3.4900000000000000","2"
56,"58.88","4.9066666666666667","3"
56,"37.91","4.2122222222222222","4"
56,"4.99","4.9900000000000000","5"
57,"20.95","4.1900000000000000","2"
57,"28.94","4.8233333333333333","3"
57,"49.85","3.3233333333333333","4"
58,"6.97","2.3233333333333333","2"
58,"58.89","5.3536363636363636","3"
58,"38.91","4.3233333333333333","4"
58,"0.99","0.99000000000000000000","5"
59,"10.97","3.6566666666666667","2"
59,"47.90","4.7900000000000000","3"
59,"60.89","5.5354545454545455","4"
60,"9.98","4.9900000000000000","2"
60,"40.90","4.0900000000000000","3"
60,"27.92","3.4900000000000000","4"
60,"9.98","4.9900000000000000","5"
61,"24.93","3.5614285714285714","3"
61,"32.94","5.4900000000000000","4"
62,"24.93","3.5614285714285714","2"
62,"36.91","4.1011111111111111","3"
62,"16.95","3.3900000000000000","4"
63,"0.99","0.99000000000000000000","2"
63,"46.90","4.6900000000000000","3"
63,"64.86","4.6328571428571429","4"
64,"3.98","1.9900000000000000","2"
64,"21.93","3.1328571428571429","3"
64,"60.80","3.0400000000000000","4"
64,"4.99","4.9900000000000000","5"
65,"12.98","6.4900000000000000","2"
65,"46.91","5.2122222222222222","3"
65,"37.91","4.2122222222222222","4"
66,"29.93","4.2757142857142857","2"
66,"48.87","3.7592307692307692","3"
66,"60.87","4.6823076923076923","4"
67,"13.96","3.4900000000000000","2"
67,"41.92","5.2400000000000000","3"
67,"30.92","3.8650000000000000","4"
68,"25.95","5.1900000000000000","2"
68,"24.93","3.5614285714285714","3"
68,"43.90","4.3900000000000000","4"
69,"7.98","3.9900000000000000","2"
69,"32.91","3.6566666666666667","3"
69,"47.89","4.3536363636363636","4"
69,"0.99","0.99000000000000000000","5"
70,"4.99","4.9900000000000000","2"
70,"43.91","4.8788888888888889","3"
70,"26.93","3.8471428571428571","4"
71,"13.97","4.6566666666666667","2"
71,"31.93","4.5614285714285714","3"
71,"70.82","3.9344444444444444","4"
72,"4.99","4.9900000000000000","2"
72,"46.84","2.9275000000000000","3"
72,"36.90","3.6900000000000000","4"
73,"5.98","2.9900000000000000","2"
73,"33.91","3.7677777777777778","3"
73,"46.90","4.6900000000000000","4"
73,"2.99","2.9900000000000000","5"
74,"12.96","3.2400000000000000","2"
74,"35.88","2.9900000000000000","3"
74,"47.90","4.7900000000000000","4"
75,"29.95","5.9900000000000000","2"
75,"39.89","3.6263636363636364","3"
75,"70.80","3.5400000000000000","4"
75,"8.97","2.9900000000000000","5"
76,"12.94","2.1566666666666667","2"
76,"35.94","5.9900000000000000","3"
76,"25.91","2.8788888888888889","4"
77,"21.95","4.3900000000000000","2"
77,"42.90","4.2900000000000000","3"
77,"20.92","2.6150000000000000","4"
78,"17.97","5.9900000000000000","2"
78,"70.86","5.0614285714285714","3"
78,"52.86","3.7757142857142857","4"
79,"7.98","3.9900000000000000","2"
79,"11.96","2.9900000000000000","3"
79,"53.87","4.1438461538461538","4"
80,"15.97","5.3233333333333333","2"
80,"56.86","4.0614285714285714","3"
80,"61.88","5.1566666666666667","4"
80,"2.99","2.9900000000000000","5"
81,"12.97","4.3233333333333333","2"
81,"55.88","4.6566666666666667","3"
81,"23.94","3.9900000000000000","4"
82,"20.95","4.1900000000000000","2"
82,"32.92","4.1150000000000000","3"
82,"64.89","5.8990909090909091","4"
83,"20.96","5.2400000000000000","2"
83,"38.92","4.8650000000000000","3"
83,"31.91","3.5455555555555556","4"
83,"4.99","4.9900000000000000","5"
84,"14.94","2.4900000000000000","2"
84,"48.88","4.0733333333333333","3"
84,"64.88","5.4066666666666667","4"
85,"19.94","3.3233333333333333","2"
85,"25.93","3.7042857142857143","3"
85,"26.92","3.3650000000000000","4"
86,"24.93","3.5614285714285714","2"
86,"56.87","4.3746153846153846","3"
86,"64.88","5.4066666666666667","4"
87,"25.95","5.1900000000000000","2"
87,"44.90","4.4900000000000000","3"
87,"61.88","5.1566666666666667","4"
87,"4.99","4.9900000000000000","5"
88,"13.97","4.6566666666666667","2"
88,"25.94","4.3233333333333333","3"
88,"44.89","4.0809090909090909","4"
89,"30.95","6.1900000000000000","2"
89,"24.93","3.5614285714285714","3"
89,"68.83","4.0488235294117647","4"
90,"8.97","2.9900000000000000","2"
90,"41.88","3.4900000000000000","3"
90,"59.87","4.6053846153846154","4"
91,"12.96","3.2400000000000000","2"
91,"29.90","2.9900000000000000","3"
91,"59.81","3.1478947368421053","4"
91,"4.99","4.9900000000000000","5"
92,"14.97","4.9900000000000000","2"
92,"28.92","3.6150000000000000","3"
92,"78.85","5.2566666666666667","4"
93,"5.98","2.9900000000000000","2"
93,"48.88","4.0733333333333333","3"
93,"21.94","3.6566666666666667","4"
94,"19.95","3.9900000000000000","2"
94,"17.94","2.9900000000000000","3"
94,"28.93","4.1328571428571429","4"
94,"4.99","4.9900000000000000","5"
95,"8.96","2.2400000000000000","2"
95,"19.96","4.9900000000000000","3"
95,"43.91","4.8788888888888889","4"
96,"21.93","3.1328571428571429","2"
96,"33.92","4.2400000000000000","3"
96,"49.88","4.1566666666666667","4"
97,"8.97","2.9900000000000000","2"
97,"8.97","2.9900000000000000","3"
97,"40.88","3.4066666666666667","4"
98,"25.94","4.3233333333333333","2"
98,"35.91","3.9900000000000000","3"
98,"40.91","4.5455555555555556","4"
99,"7.98","3.9900000000000000","2"
99,"24.95","4.9900000000000000","3"
99,"56.85","3.7900000000000000","4"
99,"0.99","0.99000000000000000000","5"
100,"18.96","4.7400000000000000","2"
100,"11.95","2.3900000000000000","3"
100,"69.87","5.3746153846153846","4"
100,"0.99","0.99000000000000000000","5"
101,"30.91","3.4344444444444444","3"
101,"54.87","4.2207692307692308","4"
101,"0.99","0.99000000000000000000","5"
102,"11.98","5.9900000000000000","2"
102,"32.93","4.7042857142857143","3"
102,"84.79","4.0376190476190476","4"
103,"7.96","1.9900000000000000","2"
103,"51.90","5.1900000000000000","3"
103,"68.85","4.5900000000000000","4"
104,"8.96","2.2400000000000000","2"
104,"23.92","2.9900000000000000","3"
104,"44.90","4.4900000000000000","4"
105,"11.97","3.9900000000000000","2"
105,"32.91","3.6566666666666667","3"
105,"48.90","4.8900000000000000","4"
106,"9.98","4.9900000000000000","2"
106,"34.92","4.3650000000000000","3"
106,"50.89","4.6263636363636364","4"
107,"24.93","3.5614285714285714","2"
107,"25.95","5.1900000000000000","3"
107,"61.86","4.4185714285714286","4"
107,"1.98","0.99000000000000000000","5"
108,"24.95","4.9900000000000000","2"
108,"44.91","4.9900000000000000","3"
108,"51.87","3.9900000000000000","4"
108,"4.99","4.9900000000000000","5"
109,"25.95","5.1900000000000000","2"
109,"26.94","4.4900000000000000","3"
109,"26.92","3.3650000000000000","4"
110,"8.99","8.9900000000000000","2"
110,"17.96","4.4900000000000000","3"
110,"22.93","3.2757142857142857","4"
111,"22.94","3.8233333333333333","2"
111,"38.91","4.3233333333333333","3"
111,"29.91","3.3233333333333333","4"
111,"2.99","2.9900000000000000","5"
112,"15.96","3.9900000000000000","2"
112,"62.87","4.8361538461538462","3"
112,"50.89","4.6263636363636364","4"
113,"27.94","4.6566666666666667","2"
113,"34.91","3.8788888888888889","3"
113,"48.88","4.0733333333333333","4"
114,"19.96","4.9900000000000000","2"
114,"39.90","3.9900000000000000","3"
114,"61.85","4.1233333333333333","4"
114,"4.99","4.9900000000000000","5"
115,"10.97","3.6566666666666667","2"
115,"21.92","2.7400000000000000","3"
115,"50.85","3.3900000000000000","4"
115,"2.99","2.9900000000000000","5"
116,"20.94","3.4900000000000000","2"
116,"43.90","4.3900000000000000","3"
116,"41.90","4.1900000000000000","4"
117,"5.98","2.9900000000000000","2"
117,"36.90","3.6900000000000000","3"
117,"26.95","5.3900000000000000","4"
118,"10.97","3.6566666666666667","2"
118,"27.94","4.6566666666666667","3"
118,"37.89","3.4445454545454545","4"
119,"16.97","5.6566666666666667","2"
119,"77.82","4.3233333333333333","3"
119,"44.90","4.4900000000000000","4"
120,"29.94","4.9900000000000000","2"
120,"50.90","5.0900000000000000","3"
120,"48.87","3.7592307692307692","4"
120,"4.99","4.9900000000000000","5"
121,"4.98","2.4900000000000000","2"
121,"67.86","4.8471428571428571","3"
121,"31.91","3.5455555555555556","4"
122,"25.93","3.7042857142857143","2"
122,"32.92","4.1150000000000000","3"
122,"61.85","4.1233333333333333","4"
123,"14.95","2.9900000000000000","2"
123,"36.92","4.6150000000000000","3"
123,"45.90","4.5900000000000000","4"
124,"1.99","1.99000000000000000000","2"
124,"17.95","3.5900000000000000","3"
124,"37.92","4.7400000000000000","4"
125,"19.96","4.9900000000000000","2"
125,"45.89","4.1718181818181818","3"
125,"65.84","4.1150000000000000","4"
126,"2.99","2.9900000000000000","2"
126,"50.89","4.6263636363636364","3"
126,"48.87","3.7592307692307692","4"
127,"11.97","3.9900000000000000","2"
127,"53.89","4.8990909090909091","3"
127,"39.92","4.9900000000000000","4"
128,"8.98","4.4900000000000000","2"
128,"43.88","3.6566666666666667","3"
128,"65.84","4.1150000000000000","4"
129,"19.94","3.3233333333333333","2"
129,"48.87","3.7592307692307692","3"
129,"55.85","3.7233333333333333","4"
130,"21.94","3.6566666666666667","2"
130,"33.92","4.2400000000000000","3"
130,"31.92","3.9900000000000000","4"
131,"14.98","7.4900000000000000","2"
131,"47.87","3.6823076923076923","3"
131,"49.88","4.1566666666666667","4"
132,"19.94","3.3233333333333333","2"
132,"30.92","3.8650000000000000","3"
132,"44.86","3.2042857142857143","4"
133,"13.96","3.4900000000000000","2"
133,"26.92","3.3650000000000000","3"
133,"47.87","3.6823076923076923","4"
134,"17.96","4.4900000000000000","2"
134,"40.91","4.5455555555555556","3"
134,"18.94","3.1566666666666667","4"
135,"5.97","1.9900000000000000","2"
135,"35.90","3.5900000000000000","3"
135,"57.86","4.1328571428571429","4"
135,"0.99","0.99000000000000000000","5"
136,"2.99","2.9900000000000000","2"
136,"31.93","4.5614285714285714","3"
136,"24.94","4.1566666666666667","4"
137,"19.96","4.9900000000000000","2"
137,"74.85","4.9900000000000000","3"
137,"96.81","5.0952631578947368","4"
138,"9.97","3.3233333333333333","2"
138,"43.87","3.3746153846153846","3"
138,"52.84","3.3025000000000000","4"
139,"14.96","3.7400000000000000","2"
139,"46.89","4.2627272727272727","3"
139,"51.88","4.3233333333333333","4"
140,"15.96","3.9900000000000000","2"
140,"37.93","5.4185714285714286","3"
140,"29.93","4.2757142857142857","4"
141,"20.97","6.9900000000000000","2"
141,"64.83","3.8135294117647059","3"
141,"41.89","3.8081818181818182","4"
142,"4.98","2.4900000000000000","2"
142,"26.90","2.6900000000000000","3"
142,"41.90","4.1900000000000000","4"
142,"0.99","0.99000000000000000000","5"
143,"16.95","3.3900000000000000","2"
143,"32.94","5.4900000000000000","3"
143,"33.91","3.7677777777777778","4"
144,"22.94","3.8233333333333333","2"
144,"72.84","4.5525000000000000","3"
144,"93.82","5.2122222222222222","4"
145,"5.98","2.9900000000000000","2"
145,"45.90","4.5900000000000000","3"
145,"55.85","3.7233333333333333","4"
146,"25.93","3.7042857142857143","2"
146,"63.87","4.9130769230769231","3"
146,"36.93","5.2757142857142857","4"
147,"16.96","4.2400000000000000","2"
147,"76.85","5.1233333333333333","3"
147,"31.87","2.4515384615384615","4"
148,"22.95","4.5900000000000000","2"
148,"87.82","4.8788888888888889","3"
148,"100.78","4.5809090909090909","4"
149,"32.93","4.7042857142857143","2"
149,"28.93","4.1328571428571429","3"
149,"54.89","4.9900000000000000","4"
150,"7.98","3.9900000000000000","2"
150,"68.84","4.3025000000000000","3"
150,"17.96","4.4900000000000000","4"
151,"13.95","2.7900000000000000","2"
151,"37.90","3.7900000000000000","3"
151,"29.90","2.9900000000000000","4"
152,"4.99","4.9900000000000000","2"
152,"37.89","3.4445454545454545","3"
152,"25.94","4.3233333333333333","4"
152,"4.99","4.9900000000000000","5"
153,"12.96","3.2400000000000000","2"
153,"41.90","4.1900000000000000","3"
153,"39.90","3.9900000000000000","4"
154,"8.97","2.9900000000000000","2"
154,"45.90","4.5900000000000000","3"
154,"55.86","3.9900000000000000","4"
155,"27.95","5.5900000000000000","2"
155,"27.93","3.9900000000000000","3"
155,"42.90","4.2900000000000000","4"
155,"7.98","3.9900000000000000","5"
156,"16.96","4.2400000000000000","2"
156,"37.90","3.7900000000000000","3"
156,"34.91","3.8788888888888889","4"
157,"0.99","0.99000000000000000000","2"
157,"48.90","4.8900000000000000","3"
157,"57.82","3.2122222222222222","4"
158,"21.96","5.4900000000000000","2"
158,"47.87","3.6823076923076923","3"
158,"45.87","3.5284615384615385","4"
159,"1.98","0.99000000000000000000","2"
159,"17.95","3.5900000000000000","3"
159,"38.90","3.8900000000000000","4"
160,"10.97","3.6566666666666667","2"
160,"66.85","4.4566666666666667","3"
160,"28.91","3.2122222222222222","4"
161,"6.98","3.4900000000000000","2"
161,"45.88","3.8233333333333333","3"
161,"41.90","4.1900000000000000","4"
162,"12.95","2.5900000000000000","2"
162,"12.96","3.2400000000000000","3"
162,"32.93","4.7042857142857143","4"
162,"0.99","0.99000000000000000000","5"
163,"29.94","4.9900000000000000","2"
163,"43.90","4.3900000000000000","3"
163,"40.89","3.7172727272727273","4"
163,"7.98","3.9900000000000000","5"
164,"16.97","5.6566666666666667","2"
164,"8.98","4.4900000000000000","3"
164,"38.90","3.8900000000000000","4"
165,"6.98","3.4900000000000000","2"
165,"24.94","4.1566666666666667","3"
165,"49.88","4.1566666666666667","4"
166,"13.96","3.4900000000000000","2"
166,"50.90","5.0900000000000000","3"
166,"56.87","4.3746153846153846","4"
167,"15.97","5.3233333333333333","2"
167,"43.89","3.9900000000000000","3"
167,"48.85","3.2566666666666667","4"
168,"4.99","4.9900000000000000","2"
168,"52.87","4.0669230769230769","3"
168,"70.83","4.1664705882352941","4"
168,"0.99","0.99000000000000000000","5"
169,"7.98","3.9900000000000000","2"
169,"28.92","3.6150000000000000","3"
169,"49.90","4.9900000000000000","4"
170,"9.98","4.9900000000000000","2"
170,"42.91","4.7677777777777778","3"
170,"56.88","4.7400000000000000","4"
171,"32.93","4.7042857142857143","2"
171,"37.91","4.2122222222222222","3"
171,"33.91","3.7677777777777778","4"
172,"3.97","1.32333333333333333333","2"
172,"58.87","4.5284615384615385","3"
172,"70.86","5.0614285714285714","4"
173,"16.95","3.3900000000000000","2"
173,"36.92","4.6150000000000000","3"
173,"57.86","4.1328571428571429","4"
174,"16.96","4.2400000000000000","2"
174,"31.92","3.9900000000000000","3"
174,"32.93","4.7042857142857143","4"
175,"5.98","2.9900000000000000","2"
175,"41.91","4.6566666666666667","3"
175,"46.89","4.2627272727272727","4"
175,"3.98","1.9900000000000000","5"
176,"42.92","5.3650000000000000","2"
176,"52.88","4.4066666666666667","3"
176,"55.88","4.6566666666666667","4"
177,"14.95","2.9900000000000000","2"
177,"33.89","3.0809090909090909","3"
177,"22.93","3.2757142857142857","4"
178,"44.92","5.6150000000000000","2"
178,"58.88","4.9066666666666667","3"
178,"85.82","4.7677777777777778","4"
178,"4.99","4.9900000000000000","5"
179,"12.98","6.4900000000000000","2"
179,"38.90","3.8900000000000000","3"
179,"68.86","4.9185714285714286","4"
180,"5.98","2.9900000000000000","2"
180,"43.91","4.8788888888888889","3"
180,"40.90","4.0900000000000000","4"
180,"4.99","4.9900000000000000","5"
181,"19.96","4.9900000000000000","2"
181,"71.84","4.4900000000000000","3"
181,"72.88","6.0733333333333333","4"
181,"2.99","2.9900000000000000","5"
182,"13.96","3.4900000000000000","2"
182,"38.92","4.8650000000000000","3"
182,"39.88","3.3233333333333333","4"
183,"14.96","3.7400000000000000","2"
183,"25.93","3.7042857142857143","3"
183,"34.89","3.1718181818181818","4"
184,"3.98","1.9900000000000000","2"
184,"39.91","4.4344444444444444","3"
184,"36.91","4.1011111111111111","4"
185,"14.97","4.9900000000000000","2"
185,"13.95","2.7900000000000000","3"
185,"50.88","4.2400000000000000","4"
186,"25.94","4.3233333333333333","2"
186,"55.86","3.9900000000000000","3"
186,"26.92","3.3650000000000000","4"
186,"2.99","2.9900000000000000","5"
187,"23.93","3.4185714285714286","2"
187,"63.91","7.1011111111111111","3"
187,"63.89","5.8081818181818182","4"
188,"13.96","3.4900000000000000","2"
188,"43.88","3.6566666666666667","3"
188,"31.92","3.9900000000000000","4"
188,"2.99","2.9900000000000000","5"
189,"13.95","2.7900000000000000","2"
189,"35.94","5.9900000000000000","3"
189,"37.90","3.7900000000000000","4"
190,"19.95","3.9900000000000000","2"
190,"49.88","4.1566666666666667","3"
190,"27.93","3.9900000000000000","4"
190,"4.99","4.9900000000000000","5"
191,"17.94","2.9900000000000000","2"
191,"7.98","3.9900000000000000","3"
191,"39.91","4.4344444444444444","4"
191,"0.99","0.99000000000000000000","5"
192,"3.99","3.9900000000000000","2"
192,"52.90","5.2900000000000000","3"
192,"35.90","3.5900000000000000","4"
192,"4.99","4.9900000000000000","5"
193,"35.94","5.9900000000000000","2"
193,"38.90","3.8900000000000000","3"
193,"27.94","4.6566666666666667","4"
193,"2.99","2.9900000000000000","5"
194,"19.95","3.9900000000000000","2"
194,"28.94","4.8233333333333333","3"
194,"25.95","5.1900000000000000","4"
195,"38.92","4.8650000000000000","3"
195,"47.89","4.3536363636363636","4"
196,"31.92","3.9900000000000000","2"
196,"27.92","3.4900000000000000","3"
196,"68.85","4.5900000000000000","4"
197,"31.92","3.9900000000000000","2"
197,"65.84","4.1150000000000000","3"
197,"35.92","4.4900000000000000","4"
198,"0.99","0.99000000000000000000","2"
198,"70.84","4.4275000000000000","3"
198,"52.85","3.5233333333333333","4"
199,"8.97","2.9900000000000000","2"
199,"27.93","3.9900000000000000","3"
199,"55.87","4.2976923076923077","4"
199,"2.99","2.9900000000000000","5"
200,"31.93","4.5614285714285714","2"
200,"53.92","6.7400000000000000","3"
200,"37.90","3.7900000000000000","4"
200,"2.99","2.9900000000000000","5"
201,"25.95","5.1900000000000000","2"
201,"48.88","4.0733333333333333","3"
201,"16.95","3.3900000000000000","4"
202,"9.96","2.4900000000000000","2"
202,"40.91","4.5455555555555556","3"
202,"52.87","4.0669230769230769","4"
203,"18.96","4.7400000000000000","2"
203,"27.92","3.4900000000000000","3"
203,"40.93","5.8471428571428571","4"
204,"31.94","5.3233333333333333","2"
204,"53.89","4.8990909090909091","3"
204,"48.86","3.4900000000000000","4"
205,"14.96","3.7400000000000000","2"
205,"19.94","3.3233333333333333","3"
205,"45.92","5.7400000000000000","4"
206,"11.97","3.9900000000000000","2"
206,"53.89","4.8990909090909091","3"
206,"60.87","4.6823076923076923","4"
207,"3.99","3.9900000000000000","2"
207,"56.88","4.7400000000000000","3"
207,"58.85","3.9233333333333333","4"
208,"11.95","2.3900000000000000","2"
208,"21.95","4.3900000000000000","3"
208,"46.87","3.6053846153846154","4"
208,"5.98","2.9900000000000000","5"
209,"19.96","4.9900000000000000","2"
209,"44.92","5.6150000000000000","3"
209,"82.83","4.8723529411764706","4"
210,"3.98","1.9900000000000000","2"
210,"56.90","5.6900000000000000","3"
210,"73.82","4.1011111111111111","4"
211,"15.98","7.9900000000000000","2"
211,"62.86","4.4900000000000000","3"
211,"62.84","3.9275000000000000","4"
211,"4.99","4.9900000000000000","5"
212,"14.96","3.7400000000000000","2"
212,"35.91","3.9900000000000000","3"
212,"40.93","5.8471428571428571","4"
213,"35.91","3.9900000000000000","2"
213,"19.95","3.9900000000000000","3"
213,"51.88","4.3233333333333333","4"
213,"2.99","2.9900000000000000","5"
214,"10.97","3.6566666666666667","2"
214,"53.86","3.8471428571428571","3"
214,"35.92","4.4900000000000000","4"
214,"2.99","2.9900000000000000","5"
215,"23.94","3.9900000000000000","2"
215,"24.90","2.4900000000000000","3"
215,"31.93","4.5614285714285714","4"
215,"0.99","0.99000000000000000000","5"
216,"15.95","3.1900000000000000","2"
216,"35.91","3.9900000000000000","3"
216,"32.94","5.4900000000000000","4"
216,"5.98","2.9900000000000000","5"
217,"14.97","4.9900000000000000","2"
217,"37.91","4.2122222222222222","3"
217,"33.91","3.7677777777777778","4"
218,"4.97","1.6566666666666667","2"
218,"24.93","3.5614285714285714","3"
218,"37.92","4.7400000000000000","4"
219,"4.98","2.4900000000000000","2"
219,"25.93","3.7042857142857143","3"
219,"64.85","4.3233333333333333","4"
219,"4.99","4.9900000000000000","5"
220,"0.99","0.99000000000000000000","2"
220,"48.88","4.0733333333333333","3"
220,"59.88","4.9900000000000000","4"
221,"23.95","4.7900000000000000","2"
221,"44.90","4.4900000000000000","3"
221,"58.88","4.9066666666666667","4"
222,"15.98","7.9900000000000000","2"
222,"8.97","2.9900000000000000","3"
222,"46.89","4.2627272727272727","4"
223,"10.98","5.4900000000000000","2"
223,"33.93","4.8471428571428571","3"
223,"32.93","4.7042857142857143","4"
224,"15.97","5.3233333333333333","2"
224,"32.90","3.2900000000000000","3"
224,"27.91","3.1011111111111111","4"
225,"7.99","7.9900000000000000","2"
225,"22.94","3.8233333333333333","3"
225,"80.83","4.7547058823529412","4"
226,"7.98","3.9900000000000000","2"
226,"37.90","3.7900000000000000","3"
226,"41.91","4.6566666666666667","4"
227,"12.96","3.2400000000000000","2"
227,"15.95","3.1900000000000000","3"
227,"44.88","3.7400000000000000","4"
227,"4.99","4.9900000000000000","5"
228,"13.96","3.4900000000000000","2"
228,"13.96","3.4900000000000000","3"
228,"54.85","3.6566666666666667","4"
228,"3.98","1.9900000000000000","5"
229,"14.96","3.7400000000000000","2"
229,"27.93","3.9900000000000000","3"
229,"49.87","3.8361538461538462","4"
229,"0.99","0.99000000000000000000","5"
230,"20.94","3.4900000000000000","2"
230,"38.90","3.8900000000000000","3"
230,"58.85","3.9233333333333333","4"
231,"0.99","0.99000000000000000000","2"
231,"50.89","4.6263636363636364","3"
231,"36.89","3.3536363636363636","4"
232,"9.98","4.9900000000000000","2"
232,"18.93","2.7042857142857143","3"
232,"57.86","4.1328571428571429","4"
233,"13.96","3.4900000000000000","2"
233,"19.94","3.3233333333333333","3"
233,"55.87","4.2976923076923077","4"
234,"36.92","4.6150000000000000","2"
234,"53.87","4.1438461538461538","3"
234,"14.97","4.9900000000000000","4"
234,"0.99","0.99000000000000000000","5"
235,"5.98","2.9900000000000000","2"
235,"20.94","3.4900000000000000","3"
235,"62.85","4.1900000000000000","4"
236,"37.92","4.7400000000000000","2"
236,"53.90","5.3900000000000000","3"
236,"73.80","3.6900000000000000","4"
236,"0.99","0.99000000000000000000","5"
237,"12.95","2.5900000000000000","2"
237,"60.89","5.5354545454545455","3"
237,"64.85","4.3233333333333333","4"
238,"10.97","3.6566666666666667","2"
238,"32.93","4.7042857142857143","3"
238,"42.91","4.7677777777777778","4"
239,"23.95","4.7900000000000000","2"
239,"35.89","3.2627272727272727","3"
239,"48.88","4.0733333333333333","4"
240,"14.97","4.9900000000000000","2"
240,"39.92","4.9900000000000000","3"
240,"51.88","4.3233333333333333","4"
241,"11.95","2.3900000000000000","2"
241,"44.88","3.7400000000000000","3"
241,"53.85","3.5900000000000000","4"
242,"29.94","4.9900000000000000","2"
242,"59.86","4.2757142857142857","3"
242,"38.91","4.3233333333333333","4"
243,"12.97","4.3233333333333333","2"
243,"18.93","2.7042857142857143","3"
243,"45.87","3.5284615384615385","4"
244,"16.97","5.6566666666666667","2"
244,"45.88","3.8233333333333333","3"
244,"54.86","3.9185714285714286","4"
244,"4.99","4.9900000000000000","5"
245,"8.97","2.9900000000000000","2"
245,"18.94","3.1566666666666667","3"
245,"72.84","4.5525000000000000","4"
245,"2.99","2.9900000000000000","5"
246,"12.95","2.5900000000000000","2"
246,"30.94","5.1566666666666667","3"
246,"32.93","4.7042857142857143","4"
247,"5.99","5.9900000000000000","2"
247,"48.89","4.4445454545454545","3"
247,"33.93","4.8471428571428571","4"
248,"4.98","2.4900000000000000","2"
248,"13.95","2.7900000000000000","3"
248,"18.94","3.1566666666666667","4"
249,"19.95","3.9900000000000000","2"
249,"20.94","3.4900000000000000","3"
249,"47.92","5.9900000000000000","4"
250,"4.99","4.9900000000000000","2"
250,"29.93","4.2757142857142857","3"
250,"19.93","2.8471428571428571","4"
251,"17.97","5.9900000000000000","2"
251,"39.90","3.9900000000000000","3"
251,"41.89","3.8081818181818182","4"
251,"0.99","0.99000000000000000000","5"
252,"11.97","3.9900000000000000","2"
252,"20.94","3.4900000000000000","3"
252,"20.90","2.0900000000000000","4"
252,"4.99","4.9900000000000000","5"
253,"29.94","4.9900000000000000","2"
253,"52.89","4.8081818181818182","3"
253,"33.91","3.7677777777777778","4"
254,"13.95","2.7900000000000000","2"
254,"37.88","3.1566666666666667","3"
254,"55.87","4.2976923076923077","4"
255,"15.96","3.9900000000000000","2"
255,"30.93","4.4185714285714286","3"
255,"23.93","3.4185714285714286","4"
256,"30.93","4.4185714285714286","2"
256,"53.88","4.4900000000000000","3"
256,"12.94","2.1566666666666667","4"
257,"5.98","2.9900000000000000","2"
257,"47.86","3.4185714285714286","3"
257,"88.82","4.9344444444444444","4"
258,"12.97","4.3233333333333333","2"
258,"52.89","4.8081818181818182","3"
258,"44.90","4.4900000000000000","4"
259,"24.96","6.2400000000000000","2"
259,"75.84","4.7400000000000000","3"
259,"53.90","5.3900000000000000","4"
260,"34.92","4.3650000000000000","2"
260,"41.90","4.1900000000000000","3"
260,"36.88","3.0733333333333333","4"
261,"23.94","3.9900000000000000","2"
261,"37.91","4.2122222222222222","3"
261,"28.93","4.1328571428571429","4"
262,"20.96","5.2400000000000000","2"
262,"45.88","3.8233333333333333","3"
262,"47.89","4.3536363636363636","4"
263,"10.98","5.4900000000000000","2"
263,"60.89","5.5354545454545455","3"
263,"43.87","3.3746153846153846","4"
263,"0.99","0.99000000000000000000","5"
264,"13.96","3.4900000000000000","2"
264,"29.92","3.7400000000000000","3"
264,"51.88","4.3233333333333333","4"
264,"2.99","2.9900000000000000","5"
265,"15.97","5.3233333333333333","2"
265,"45.91","5.1011111111111111","3"
265,"70.84","4.4275000000000000","4"
266,"20.96","5.2400000000000000","2"
266,"71.83","4.2252941176470588","3"
266,"20.95","4.1900000000000000","4"
267,"38.91","4.3233333333333333","2"
267,"49.89","4.5354545454545455","3"
267,"45.89","4.1718181818181818","4"
267,"7.98","3.9900000000000000","5"
268,"42.91","4.7677777777777778","3"
268,"53.88","4.4900000000000000","4"
269,"45.90","4.5900000000000000","3"
269,"46.91","5.2122222222222222","4"
269,"3.98","1.9900000000000000","5"
270,"44.88","3.7400000000000000","3"
270,"30.93","4.4185714285714286","4"
271,"25.93","3.7042857142857143","3"
271,"30.91","3.4344444444444444","4"
272,"28.93","4.1328571428571429","3"
272,"36.94","6.1566666666666667","4"
273,"62.87","4.8361538461538462","3"
273,"67.85","4.5233333333333333","4"
274,"69.84","4.3650000000000000","3"
274,"45.90","4.5900000000000000","4"
274,"0.99","0.99000000000000000000","5"
275,"59.84","3.7400000000000000","3"
275,"32.91","3.6566666666666667","4"
276,"48.88","4.0733333333333333","3"
276,"45.89","4.1718181818181818","4"
277,"61.88","5.1566666666666667","3"
277,"46.88","3.9066666666666667","4"
278,"33.88","2.8233333333333333","3"
278,"37.91","4.2122222222222222","4"
279,"66.86","4.7757142857142857","3"
279,"42.91","4.7677777777777778","4"
279,"4.99","4.9900000000000000","5"
280,"68.88","5.7400000000000000","3"
280,"34.89","3.1718181818181818","4"
281,"4.98","2.4900000000000000","3"
281,"27.92","3.4900000000000000","4"
282,"13.96","3.4900000000000000","3"
282,"64.85","4.3233333333333333","4"
282,"0.99","0.99000000000000000000","5"
283,"17.94","2.9900000000000000","3"
283,"50.83","2.9900000000000000","4"
284,"41.92","5.2400000000000000","3"
284,"60.88","5.0733333333333333","4"
284,"5.98","2.9900000000000000","5"
285,"48.90","4.8900000000000000","3"
285,"68.87","5.2976923076923077","4"
286,"19.93","2.8471428571428571","3"
286,"76.83","4.5194117647058824","4"
287,"38.90","3.8900000000000000","3"
287,"40.89","3.7172727272727273","4"
287,"0.99","0.99000000000000000000","5"
288,"29.90","2.9900000000000000","3"
288,"22.91","2.5455555555555556","4"
289,"54.88","4.5733333333333333","3"
289,"49.88","4.1566666666666667","4"
290,"26.93","3.8471428571428571","3"
290,"53.85","3.5900000000000000","4"
291,"20.95","4.1900000000000000","3"
291,"52.88","4.4066666666666667","4"
292,"27.94","4.6566666666666667","3"
292,"74.84","4.6775000000000000","4"
293,"60.89","5.5354545454545455","3"
293,"46.90","4.6900000000000000","4"
294,"51.89","4.7172727272727273","3"
294,"53.88","4.4900000000000000","4"
295,"35.92","4.4900000000000000","3"
295,"88.81","4.6742105263157895","4"
295,"0.99","0.99000000000000000000","5"
296,"45.90","4.5900000000000000","3"
296,"54.88","4.5733333333333333","4"
296,"2.99","2.9900000000000000","5"
297,"50.87","3.9130769230769231","3"
297,"48.87","3.7592307692307692","4"
298,"45.89","4.1718181818181818","3"
298,"32.90","3.2900000000000000","4"
299,"38.91","4.3233333333333333","3"
299,"45.88","3.8233333333333333","4"
300,"58.89","5.3536363636363636","3"
300,"59.86","4.2757142857142857","4"
300,"4.99","4.9900000000000000","5"
301,"22.95","4.5900000000000000","3"
301,"48.90","4.8900000000000000","4"
302,"45.89","4.1718181818181818","3"
302,"67.85","4.5233333333333333","4"
303,"30.91","3.4344444444444444","3"
303,"39.90","3.9900000000000000","4"
304,"26.93","3.8471428571428571","3"
304,"52.88","4.4066666666666667","4"
305,"42.90","4.2900000000000000","3"
305,"44.90","4.4900000000000000","4"
306,"58.87","4.5284615384615385","3"
306,"60.85","4.0566666666666667","4"
307,"29.93","4.2757142857142857","3"
307,"62.87","4.8361538461538462","4"
308,"53.87","4.1438461538461538","3"
308,"27.94","4.6566666666666667","4"
309,"36.91","4.1011111111111111","3"
309,"76.84","4.8025000000000000","4"
310,"26.95","5.3900000000000000","3"
310,"41.92","5.2400000000000000","4"
311,"34.93","4.9900000000000000","3"
311,"45.92","5.7400000000000000","4"
312,"32.91","3.6566666666666667","3"
312,"48.89","4.4445454545454545","4"
313,"38.91","4.3233333333333333","3"
313,"24.93","3.5614285714285714","4"
314,"45.89","4.1718181818181818","3"
314,"67.82","3.7677777777777778","4"
315,"16.95","3.3900000000000000","3"
315,"47.92","5.9900000000000000","4"
315,"2.99","2.9900000000000000","5"
316,"24.93","3.5614285714285714","3"
316,"55.88","4.6566666666666667","4"
317,"44.89","4.0809090909090909","3"
317,"50.88","4.2400000000000000","4"
317,"0.99","0.99000000000000000000","5"
318,"2.99","2.9900000000000000","3"
318,"24.94","4.1566666666666667","4"
319,"40.91","4.5455555555555556","3"
319,"52.88","4.4066666666666667","4"
320,"7.96","1.9900000000000000","3"
320,"39.89","3.6263636363636364","4"
321,"42.93","6.1328571428571429","3"
321,"50.90","5.0900000000000000","4"
322,"35.93","5.1328571428571429","3"
322,"45.88","3.8233333333333333","4"
323,"32.90","3.2900000000000000","3"
323,"58.85","3.9233333333333333","4"
324,"38.92","4.8650000000000000","3"
324,"53.87","4.1438461538461538","4"
324,"2.99","2.9900000000000000","5"
325,"30.92","3.8650000000000000","3"
325,"41.90","4.1900000000000000","4"
326,"17.94","2.9900000000000000","3"
326,"46.88","3.9066666666666667","4"
327,"58.87","4.5284615384615385","3"
327,"12.95","2.5900000000000000","4"
327,"2.99","2.9900000000000000","5"
328,"40.89","3.7172727272727273","3"
328,"24.94","4.1566666666666667","4"
329,"45.90","4.5900000000000000","3"
329,"52.87","4.0669230769230769","4"
330,"15.95","3.1900000000000000","3"
330,"41.88","3.4900000000000000","4"
330,"2.99","2.9900000000000000","5"
331,"34.91","3.8788888888888889","3"
331,"70.87","5.4515384615384615","4"
332,"28.91","3.2122222222222222","3"
332,"78.83","4.6370588235294118","4"
333,"37.91","4.2122222222222222","3"
333,"51.87","3.9900000000000000","4"
334,"49.88","4.1566666666666667","3"
334,"57.88","4.8233333333333333","4"
334,"0.99","0.99000000000000000000","5"
335,"16.94","2.8233333333333333","3"
335,"55.85","3.7233333333333333","4"
335,"0.99","0.99000000000000000000","5"
336,"39.91","4.4344444444444444","3"
336,"52.88","4.4066666666666667","4"
336,"0.99","0.99000000000000000000","5"
337,"47.89","4.3536363636363636","3"
337,"62.88","5.2400000000000000","4"
337,"0.99","0.99000000000000000000","5"
338,"37.90","3.7900000000000000","3"
338,"40.90","4.0900000000000000","4"
339,"42.89","3.8990909090909091","3"
339,"52.87","4.0669230769230769","4"
340,"52.86","3.7757142857142857","3"
340,"30.91","3.4344444444444444","4"
341,"34.94","5.8233333333333333","2"
341,"38.91","4.3233333333333333","3"
341,"29.93","4.2757142857142857","4"
342,"14.97","4.9900000000000000","2"
342,"69.83","4.1076470588235294","3"
342,"45.88","3.8233333333333333","4"
343,"30.93","4.4185714285714286","2"
343,"20.93","2.9900000000000000","3"
343,"54.91","6.1011111111111111","4"
344,"9.97","3.3233333333333333","2"
344,"25.93","3.7042857142857143","3"
344,"28.94","4.8233333333333333","4"
345,"11.96","2.9900000000000000","2"
345,"33.94","5.6566666666666667","3"
345,"58.89","5.3536363636363636","4"
346,"11.97","3.9900000000000000","2"
346,"49.88","4.1566666666666667","3"
346,"83.85","5.5900000000000000","4"
347,"31.95","6.3900000000000000","2"
347,"44.92","5.6150000000000000","3"
347,"65.83","3.8723529411764706","4"
348,"12.97","4.3233333333333333","2"
348,"60.85","4.0566666666666667","3"
348,"70.84","4.4275000000000000","4"
349,"19.96","4.9900000000000000","2"
349,"64.89","5.8990909090909091","3"
349,"45.88","3.8233333333333333","4"
349,"2.99","2.9900000000000000","5"
350,"8.96","2.2400000000000000","2"
350,"29.91","3.3233333333333333","3"
350,"24.92","3.1150000000000000","4"
351,"9.97","3.3233333333333333","2"
351,"26.93","3.8471428571428571","3"
351,"50.87","3.9130769230769231","4"
352,"20.95","4.1900000000000000","2"
352,"28.93","4.1328571428571429","3"
352,"43.91","4.8788888888888889","4"
352,"2.99","2.9900000000000000","5"
353,"17.97","5.9900000000000000","2"
353,"28.91","3.2122222222222222","3"
353,"18.95","3.7900000000000000","4"
354,"15.96","3.9900000000000000","2"
354,"33.92","4.2400000000000000","3"
354,"67.81","3.5689473684210526","4"
354,"7.98","3.9900000000000000","5"
355,"3.98","1.9900000000000000","2"
355,"10.95","2.1900000000000000","3"
355,"52.89","4.8081818181818182","4"
355,"0.99","0.99000000000000000000","5"
356,"8.97","2.9900000000000000","2"
356,"56.87","4.3746153846153846","3"
356,"50.87","3.9130769230769231","4"
357,"16.96","4.2400000000000000","2"
357,"20.93","2.9900000000000000","3"
357,"42.88","3.5733333333333333","4"
358,"18.94","3.1566666666666667","2"
358,"33.94","5.6566666666666667","3"
358,"22.92","2.8650000000000000","4"
359,"12.96","3.2400000000000000","2"
359,"27.92","3.4900000000000000","3"
359,"39.91","4.4344444444444444","4"
359,"4.99","4.9900000000000000","5"
360,"18.96","4.7400000000000000","2"
360,"55.89","5.0809090909090909","3"
360,"69.83","4.1076470588235294","4"
361,"12.96","3.2400000000000000","2"
361,"42.87","3.2976923076923077","3"
361,"29.90","2.9900000000000000","4"
361,"3.98","1.9900000000000000","5"
362,"14.95","2.9900000000000000","2"
362,"63.89","5.8081818181818182","3"
362,"61.85","4.1233333333333333","4"
363,"22.95","4.5900000000000000","2"
363,"46.92","5.8650000000000000","3"
363,"69.85","4.6566666666666667","4"
364,"19.95","3.9900000000000000","2"
364,"33.91","3.7677777777777778","3"
364,"35.92","4.4900000000000000","4"
365,"17.95","3.5900000000000000","2"
365,"29.94","4.9900000000000000","3"
365,"44.90","4.4900000000000000","4"
366,"2.98","1.49000000000000000000","2"
366,"51.87","3.9900000000000000","3"
366,"85.80","4.2900000000000000","4"
366,"4.99","4.9900000000000000","5"
367,"0.99","0.99000000000000000000","2"
367,"49.92","6.2400000000000000","3"
367,"46.89","4.2627272727272727","4"
368,"30.94","5.1566666666666667","2"
368,"56.87","4.3746153846153846","3"
368,"51.88","4.3233333333333333","4"
369,"0.99","0.99000000000000000000","2"
369,"21.93","3.1328571428571429","3"
369,"45.88","3.8233333333333333","4"
369,"0.99","0.99000000000000000000","5"
370,"6.99","6.9900000000000000","2"
370,"35.90","3.5900000000000000","3"
370,"27.92","3.4900000000000000","4"
371,"23.93","3.4185714285714286","2"
371,"52.90","5.2900000000000000","3"
371,"46.88","3.9066666666666667","4"
372,"11.97","3.9900000000000000","2"
372,"62.87","4.8361538461538462","3"
372,"77.84","4.8650000000000000","4"
373,"9.98","4.9900000000000000","2"
373,"71.86","5.1328571428571429","3"
373,"73.83","4.3429411764705882","4"
373,"0.99","0.99000000000000000000","5"
374,"11.96","2.9900000000000000","2"
374,"44.90","4.4900000000000000","3"
374,"38.90","3.8900000000000000","4"
374,"2.99","2.9900000000000000","5"
375,"13.97","4.6566666666666667","2"
375,"51.88","4.3233333333333333","3"
375,"22.95","4.5900000000000000","4"
376,"1.98","0.99000000000000000000","2"
376,"37.90","3.7900000000000000","3"
376,"69.85","4.6566666666666667","4"
377,"14.95","2.9900000000000000","2"
377,"27.91","3.1011111111111111","3"
377,"50.88","4.2400000000000000","4"
378,"23.96","5.9900000000000000","2"
378,"25.94","4.3233333333333333","3"
378,"20.92","2.6150000000000000","4"
379,"17.97","5.9900000000000000","2"
379,"47.88","3.9900000000000000","3"
379,"30.94","5.1566666666666667","4"
380,"27.92","3.4900000000000000","2"
380,"45.87","3.5284615384615385","3"
380,"58.86","4.2042857142857143","4"
381,"16.95","3.3900000000000000","2"
381,"44.87","3.4515384615384615","3"
381,"37.86","2.7042857142857143","4"
382,"15.95","3.1900000000000000","2"
382,"29.93","4.2757142857142857","3"
382,"39.90","3.9900000000000000","4"
383,"27.94","4.6566666666666667","2"
383,"38.90","3.8900000000000000","3"
383,"26.91","2.9900000000000000","4"
384,"34.93","4.9900000000000000","2"
384,"23.94","3.9900000000000000","3"
384,"18.92","2.3650000000000000","4"
385,"4.97","1.6566666666666667","2"
385,"43.90","4.3900000000000000","3"
385,"44.89","4.0809090909090909","4"
386,"16.95","3.3900000000000000","2"
386,"37.90","3.7900000000000000","3"
386,"54.87","4.2207692307692308","4"
387,"14.94","2.4900000000000000","2"
387,"42.89","3.8990909090909091","3"
387,"21.95","4.3900000000000000","4"
388,"26.95","5.3900000000000000","2"
388,"50.89","4.6263636363636364","3"
388,"35.89","3.2627272727272727","4"
388,"0.99","0.99000000000000000000","5"
389,"13.97","4.6566666666666667","2"
389,"49.90","4.9900000000000000","3"
389,"55.88","4.6566666666666667","4"
390,"25.95","5.1900000000000000","2"
390,"59.88","4.9900000000000000","3"
390,"56.86","4.0614285714285714","4"
391,"10.95","2.1900000000000000","2"
391,"22.92","2.8650000000000000","3"
391,"45.88","3.8233333333333333","4"
392,"17.96","4.4900000000000000","2"
392,"49.89","4.5354545454545455","3"
392,"23.92","2.9900000000000000","4"
393,"19.95","3.9900000000000000","2"
393,"34.89","3.1718181818181818","3"
393,"60.87","4.6823076923076923","4"
394,"4.99","4.9900000000000000","2"
394,"28.92","3.6150000000000000","3"
394,"38.90","3.8900000000000000","4"
394,"4.99","4.9900000000000000","5"
395,"15.94","2.6566666666666667","2"
395,"16.94","2.8233333333333333","3"
395,"24.93","3.5614285714285714","4"
396,"13.97","4.6566666666666667","2"
396,"44.90","4.4900000000000000","3"
396,"46.87","3.6053846153846154","4"
397,"7.98","3.9900000000000000","2"
397,"45.87","3.5284615384615385","3"
397,"50.87","3.9130769230769231","4"
398,"19.97","6.6566666666666667","2"
398,"19.95","3.9900000000000000","3"
398,"33.93","4.8471428571428571","4"
399,"8.98","4.4900000000000000","2"
399,"33.92","4.2400000000000000","3"
399,"30.92","3.8650000000000000","4"
400,"11.97","3.9900000000000000","2"
400,"38.90","3.8900000000000000","3"
400,"54.89","4.9900000000000000","4"
401,"25.91","2.8788888888888889","3"
401,"36.90","3.6900000000000000","4"
402,"12.97","4.3233333333333333","2"
402,"11.96","2.9900000000000000","3"
402,"52.88","4.4066666666666667","4"
403,"35.94","5.9900000000000000","2"
403,"64.85","4.3233333333333333","3"
403,"61.88","5.1566666666666667","4"
404,"15.96","3.9900000000000000","2"
404,"57.89","5.2627272727272727","3"
404,"59.86","4.2757142857142857","4"
405,"26.94","4.4900000000000000","2"
405,"43.88","3.6566666666666667","3"
405,"29.89","2.7172727272727273","4"
405,"0.99","0.99000000000000000000","5"
406,"26.93","3.8471428571428571","2"
406,"25.94","4.3233333333333333","3"
406,"68.82","3.8233333333333333","4"
407,"3.98","1.9900000000000000","2"
407,"50.87","3.9130769230769231","3"
407,"49.89","4.5354545454545455","4"
408,"10.97","3.6566666666666667","2"
408,"46.88","3.9066666666666667","3"
408,"45.88","3.8233333333333333","4"
409,"14.98","7.4900000000000000","2"
409,"23.95","4.7900000000000000","3"
409,"58.85","3.9233333333333333","4"
410,"22.94","3.8233333333333333","2"
410,"86.83","5.1076470588235294","3"
410,"54.86","3.9185714285714286","4"
410,"2.99","2.9900000000000000","5"
411,"4.97","1.6566666666666667","2"
411,"30.92","3.8650000000000000","3"
411,"32.88","2.7400000000000000","4"
411,"4.99","4.9900000000000000","5"
412,"2.99","2.9900000000000000","2"
412,"43.92","5.4900000000000000","3"
412,"26.93","3.8471428571428571","4"
412,"0.99","0.99000000000000000000","5"
413,"10.98","5.4900000000000000","2"
413,"33.89","3.0809090909090909","3"
413,"20.94","3.4900000000000000","4"
414,"20.97","6.9900000000000000","2"
414,"34.90","3.4900000000000000","3"
414,"40.90","4.0900000000000000","4"
415,"7.98","3.9900000000000000","2"
415,"39.91","4.4344444444444444","3"
415,"40.89","3.7172727272727273","4"
416,"12.95","2.5900000000000000","2"
416,"63.87","4.9130769230769231","3"
416,"36.90","3.6900000000000000","4"
417,"3.99","3.9900000000000000","2"
417,"48.87","3.7592307692307692","3"
417,"35.93","5.1328571428571429","4"
417,"2.99","2.9900000000000000","5"
418,"8.97","2.9900000000000000","2"
418,"52.83","3.1076470588235294","3"
418,"45.90","4.5900000000000000","4"
419,"2.99","2.9900000000000000","2"
419,"43.90","4.3900000000000000","3"
419,"39.87","3.0669230769230769","4"
420,"5.97","1.9900000000000000","2"
420,"28.94","4.8233333333333333","3"
420,"39.89","3.6263636363636364","4"
421,"12.97","4.3233333333333333","2"
421,"40.92","5.1150000000000000","3"
421,"62.87","4.8361538461538462","4"
421,"0.99","0.99000000000000000000","5"
422,"14.96","3.7400000000000000","2"
422,"56.87","4.3746153846153846","3"
422,"21.93","3.1328571428571429","4"
422,"2.99","2.9900000000000000","5"
423,"27.95","5.5900000000000000","2"
423,"33.92","4.2400000000000000","3"
423,"58.87","4.5284615384615385","4"
424,"12.97","4.3233333333333333","2"
424,"36.91","4.1011111111111111","3"
424,"58.84","3.6775000000000000","4"
424,"0.99","0.99000000000000000000","5"
425,"6.99","6.9900000000000000","2"
425,"23.93","3.4185714285714286","3"
425,"67.83","3.9900000000000000","4"
426,"19.95","3.9900000000000000","2"
426,"39.90","3.9900000000000000","3"
426,"65.89","5.9900000000000000","4"
427,"18.95","3.7900000000000000","2"
427,"38.92","4.8650000000000000","3"
427,"49.90","4.9900000000000000","4"
428,"14.95","2.9900000000000000","2"
428,"8.97","2.9900000000000000","3"
428,"49.89","4.5354545454545455","4"
429,"19.96","4.9900000000000000","2"
429,"12.97","4.3233333333333333","3"
429,"45.91","5.1011111111111111","4"
430,"15.94","2.6566666666666667","2"
430,"21.93","3.1328571428571429","3"
430,"33.93","4.8471428571428571","4"
431,"35.93","5.1328571428571429","2"
431,"35.91","3.9900000000000000","3"
431,"17.95","3.5900000000000000","4"
431,"2.99","2.9900000000000000","5"
432,"13.97","4.6566666666666667","2"
432,"22.95","4.5900000000000000","3"
432,"56.88","4.7400000000000000","4"
433,"47.91","5.3233333333333333","3"
433,"65.86","4.7042857142857143","4"
434,"28.93","4.1328571428571429","2"
434,"52.90","5.2900000000000000","3"
434,"40.91","4.5455555555555556","4"
435,"1.98","0.99000000000000000000","2"
435,"32.89","2.9900000000000000","3"
435,"43.90","4.3900000000000000","4"
436,"9.99","9.9900000000000000","2"
436,"59.87","4.6053846153846154","3"
436,"56.87","4.3746153846153846","4"
437,"11.97","3.9900000000000000","2"
437,"28.93","4.1328571428571429","3"
437,"44.90","4.4900000000000000","4"
438,"17.94","2.9900000000000000","2"
438,"47.91","5.3233333333333333","3"
438,"54.86","3.9185714285714286","4"
438,"0.99","0.99000000000000000000","5"
439,"23.94","3.9900000000000000","2"
439,"67.85","4.5233333333333333","3"
439,"45.88","3.8233333333333333","4"
440,"30.92","3.8650000000000000","3"
440,"47.88","3.9900000000000000","4"
440,"4.99","4.9900000000000000","5"
441,"9.98","4.9900000000000000","2"
441,"25.93","3.7042857142857143","3"
441,"66.83","3.9311764705882353","4"
441,"4.99","4.9900000000000000","5"
442,"18.96","4.7400000000000000","2"
442,"24.91","2.7677777777777778","3"
442,"60.84","3.8025000000000000","4"
443,"2.99","2.9900000000000000","2"
443,"35.90","3.5900000000000000","3"
443,"54.90","5.4900000000000000","4"
444,"25.94","4.3233333333333333","2"
444,"51.86","3.7042857142857143","3"
444,"27.92","3.4900000000000000","4"
445,"66.86","4.7757142857142857","3"
445,"29.90","2.9900000000000000","4"
446,"20.94","3.4900000000000000","2"
446,"16.95","3.3900000000000000","3"
446,"71.83","4.2252941176470588","4"
447,"13.96","3.4900000000000000","2"
447,"44.88","3.7400000000000000","3"
447,"50.89","4.6263636363636364","4"
448,"24.95","4.9900000000000000","2"
448,"54.90","5.4900000000000000","3"
448,"43.90","4.3900000000000000","4"
448,"3.98","1.9900000000000000","5"
449,"8.97","2.9900000000000000","2"
449,"34.94","5.8233333333333333","3"
449,"36.92","4.6150000000000000","4"
450,"22.93","3.2757142857142857","2"
450,"34.90","3.4900000000000000","3"
450,"26.93","3.8471428571428571","4"
450,"0.99","0.99000000000000000000","5"
451,"22.93","3.2757142857142857","2"
451,"60.84","3.8025000000000000","3"
451,"37.93","5.4185714285714286","4"
452,"22.93","3.2757142857142857","2"
452,"25.92","3.2400000000000000","3"
452,"45.87","3.5284615384615385","4"
452,"4.99","4.9900000000000000","5"
453,"18.97","6.3233333333333333","2"
453,"45.90","4.5900000000000000","3"
453,"46.90","4.6900000000000000","4"
454,"52.90","5.2900000000000000","2"
454,"44.89","4.0809090909090909","3"
454,"45.89","4.1718181818181818","4"
455,"7.96","1.9900000000000000","2"
455,"31.91","3.5455555555555556","3"
455,"45.91","5.1011111111111111","4"
456,"25.93","3.7042857142857143","2"
456,"44.90","4.4900000000000000","3"
456,"24.93","3.5614285714285714","4"
457,"30.91","3.4344444444444444","2"
457,"43.91","4.8788888888888889","3"
457,"27.93","3.9900000000000000","4"
457,"3.98","1.9900000000000000","5"
458,"6.98","3.4900000000000000","2"
458,"27.92","3.4900000000000000","3"
458,"31.91","3.5455555555555556","4"
459,"25.93","3.7042857142857143","2"
459,"67.88","5.6566666666666667","3"
459,"89.82","4.9900000000000000","4"
460,"0.99","0.99000000000000000000","2"
460,"54.88","4.5733333333333333","3"
460,"41.92","5.2400000000000000","4"
461,"10.98","5.4900000000000000","2"
461,"52.86","3.7757142857142857","3"
461,"26.89","2.4445454545454545","4"
462,"20.97","6.9900000000000000","2"
462,"56.88","4.7400000000000000","3"
462,"74.84","4.6775000000000000","4"
463,"15.96","3.9900000000000000","2"
463,"42.90","4.2900000000000000","3"
463,"30.90","3.0900000000000000","4"
464,"7.98","3.9900000000000000","2"
464,"26.94","4.4900000000000000","3"
464,"32.94","5.4900000000000000","4"
465,"17.96","4.4900000000000000","2"
465,"42.91","4.7677777777777778","3"
465,"7.97","2.6566666666666667","4"
466,"28.95","5.7900000000000000","2"
466,"48.90","4.8900000000000000","3"
466,"23.93","3.4185714285714286","4"
467,"30.96","7.7400000000000000","2"
467,"36.89","3.3536363636363636","3"
467,"66.87","5.1438461538461538","4"
468,"23.94","3.9900000000000000","2"
468,"71.86","5.1328571428571429","3"
468,"58.86","4.2042857142857143","4"
469,"10.98","5.4900000000000000","2"
469,"66.85","4.4566666666666667","3"
469,"80.82","4.4900000000000000","4"
470,"9.97","3.3233333333333333","2"
470,"50.89","4.6263636363636364","3"
470,"96.83","5.6958823529411765","4"
471,"20.95","4.1900000000000000","2"
471,"55.88","4.6566666666666667","3"
471,"29.91","3.3233333333333333","4"
472,"24.94","4.1566666666666667","2"
472,"52.90","5.2900000000000000","3"
472,"48.91","5.4344444444444444","4"
472,"4.99","4.9900000000000000","5"
473,"13.96","3.4900000000000000","2"
473,"50.86","3.6328571428571429","3"
473,"57.87","4.4515384615384615","4"
474,"16.98","8.4900000000000000","2"
474,"42.88","3.5733333333333333","3"
474,"31.90","3.1900000000000000","4"
474,"0.99","0.99000000000000000000","5"
475,"25.93","3.7042857142857143","3"
475,"71.85","4.7900000000000000","4"
476,"12.96","3.2400000000000000","2"
476,"33.94","5.6566666666666667","3"
476,"39.91","4.4344444444444444","4"
476,"0.99","0.99000000000000000000","5"
477,"25.96","6.4900000000000000","2"
477,"21.93","3.1328571428571429","3"
477,"58.90","5.8900000000000000","4"
478,"31.94","5.3233333333333333","2"
478,"25.94","4.3233333333333333","3"
478,"28.93","4.1328571428571429","4"
479,"23.94","3.9900000000000000","2"
479,"29.93","4.2757142857142857","3"
479,"79.85","5.3233333333333333","4"
479,"0.99","0.99000000000000000000","5"
480,"1.98","0.99000000000000000000","2"
480,"37.91","4.2122222222222222","3"
480,"43.92","5.4900000000000000","4"
481,"13.96","3.4900000000000000","2"
481,"37.89","3.4445454545454545","3"
481,"57.87","4.4515384615384615","4"
482,"3.98","1.9900000000000000","2"
482,"51.88","4.3233333333333333","3"
482,"69.88","5.8233333333333333","4"
483,"14.97","4.9900000000000000","2"
483,"17.95","3.5900000000000000","3"
483,"48.91","5.4344444444444444","4"
484,"18.96","4.7400000000000000","2"
484,"31.92","3.9900000000000000","3"
484,"77.85","5.1900000000000000","4"
485,"11.98","5.9900000000000000","2"
485,"36.92","4.6150000000000000","3"
485,"63.82","3.5455555555555556","4"
486,"16.96","4.2400000000000000","2"
486,"24.93","3.5614285714285714","3"
486,"58.88","4.9066666666666667","4"
487,"3.99","3.9900000000000000","2"
487,"68.89","6.2627272727272727","3"
487,"46.86","3.3471428571428571","4"
488,"9.98","4.9900000000000000","2"
488,"34.91","3.8788888888888889","3"
488,"50.89","4.6263636363636364","4"
489,"17.96","4.4900000000000000","2"
489,"55.90","5.5900000000000000","3"
489,"17.95","3.5900000000000000","4"
490,"3.99","3.9900000000000000","2"
490,"36.93","5.2757142857142857","3"
490,"64.86","4.6328571428571429","4"
491,"31.93","4.5614285714285714","2"
491,"27.93","3.9900000000000000","3"
491,"60.89","5.5354545454545455","4"
492,"21.96","5.4900000000000000","2"
492,"13.96","3.4900000000000000","3"
492,"26.93","3.8471428571428571","4"
493,"12.96","3.2400000000000000","2"
493,"45.91","5.1011111111111111","3"
493,"42.92","5.3650000000000000","4"
493,"2.99","2.9900000000000000","5"
494,"2.99","2.9900000000000000","2"
494,"51.89","4.7172727272727273","3"
494,"80.82","4.4900000000000000","4"
495,"19.96","4.9900000000000000","2"
495,"32.92","4.1150000000000000","3"
495,"56.89","5.1718181818181818","4"
495,"0.99","0.99000000000000000000","5"
496,"2.99","2.9900000000000000","2"
496,"46.91","5.2122222222222222","3"
496,"29.92","3.7400000000000000","4"
496,"2.99","2.9900000000000000","5"
497,"22.96","5.7400000000000000","2"
497,"25.92","3.2400000000000000","3"
497,"67.86","4.8471428571428571","4"
497,"4.99","4.9900000000000000","5"
498,"19.94","3.3233333333333333","2"
498,"10.97","3.6566666666666667","3"
498,"51.85","3.4566666666666667","4"
499,"14.96","3.7400000000000000","2"
499,"61.87","4.7592307692307692","3"
499,"43.88","3.6566666666666667","4"
500,"25.95","5.1900000000000000","2"
500,"31.91","3.5455555555555556","3"
500,"38.89","3.5354545454545455","4"
501,"13.98","6.9900000000000000","2"
501,"35.92","4.4900000000000000","3"
501,"36.91","4.1011111111111111","4"
502,"9.97","3.3233333333333333","2"
502,"46.88","3.9066666666666667","3"
502,"73.85","4.9233333333333333","4"
503,"8.97","2.9900000000000000","2"
503,"48.85","3.2566666666666667","3"
503,"41.90","4.1900000000000000","4"
504,"8.98","4.4900000000000000","2"
504,"50.88","4.2400000000000000","3"
504,"57.89","5.2627272727272727","4"
505,"24.96","6.2400000000000000","2"
505,"21.93","3.1328571428571429","3"
505,"39.93","5.7042857142857143","4"
505,"4.99","4.9900000000000000","5"
506,"27.95","5.5900000000000000","2"
506,"48.87","3.7592307692307692","3"
506,"46.90","4.6900000000000000","4"
507,"14.97","4.9900000000000000","2"
507,"24.95","4.9900000000000000","3"
507,"49.85","3.3233333333333333","4"
508,"4.99","4.9900000000000000","2"
508,"40.93","5.8471428571428571","3"
508,"74.86","5.3471428571428571","4"
508,"0.99","0.99000000000000000000","5"
509,"7.98","3.9900000000000000","2"
509,"31.94","5.3233333333333333","3"
509,"46.90","4.6900000000000000","4"
510,"33.92","4.2400000000000000","2"
510,"21.95","4.3900000000000000","3"
510,"46.90","4.6900000000000000","4"
511,"21.96","5.4900000000000000","2"
511,"34.93","4.9900000000000000","3"
511,"35.89","3.2627272727272727","4"
512,"14.97","4.9900000000000000","2"
512,"62.87","4.8361538461538462","3"
512,"36.91","4.1011111111111111","4"
512,"0.99","0.99000000000000000000","5"
513,"12.97","4.3233333333333333","2"
513,"69.86","4.9900000000000000","3"
513,"60.87","4.6823076923076923","4"
514,"14.94","2.4900000000000000","2"
514,"36.89","3.3536363636363636","3"
514,"17.96","4.4900000000000000","4"
515,"25.94","4.3233333333333333","2"
515,"53.88","4.4900000000000000","3"
515,"30.92","3.8650000000000000","4"
516,"22.94","3.8233333333333333","2"
516,"16.93","2.4185714285714286","3"
516,"46.91","5.2122222222222222","4"
516,"5.98","2.9900000000000000","5"
517,"22.95","4.5900000000000000","2"
517,"26.93","3.8471428571428571","3"
517,"50.88","4.2400000000000000","4"
518,"6.98","3.4900000000000000","2"
518,"45.90","4.5900000000000000","3"
518,"55.87","4.2976923076923077","4"
519,"17.97","5.9900000000000000","2"
519,"29.94","4.9900000000000000","3"
519,"51.87","3.9900000000000000","4"
520,"12.97","4.3233333333333333","2"
520,"53.86","3.8471428571428571","3"
520,"60.86","4.3471428571428571","4"
521,"1.98","0.99000000000000000000","2"
521,"41.89","3.8081818181818182","3"
521,"31.91","3.5455555555555556","4"
521,"4.99","4.9900000000000000","5"
522,"16.96","4.2400000000000000","2"
522,"46.91","5.2122222222222222","3"
522,"97.81","5.1478947368421053","4"
523,"24.96","6.2400000000000000","2"
523,"20.94","3.4900000000000000","3"
523,"41.90","4.1900000000000000","4"
524,"9.97","3.3233333333333333","2"
524,"22.94","3.8233333333333333","3"
524,"48.92","6.1150000000000000","4"
525,"2.99","2.9900000000000000","2"
525,"12.95","2.5900000000000000","3"
525,"49.89","4.5354545454545455","4"
525,"2.99","2.9900000000000000","5"
526,"41.91","4.6566666666666667","2"
526,"76.87","5.9130769230769231","3"
526,"89.80","4.4900000000000000","4"
527,"7.96","1.9900000000000000","2"
527,"43.90","4.3900000000000000","3"
527,"26.91","2.9900000000000000","4"
527,"2.99","2.9900000000000000","5"
528,"7.98","3.9900000000000000","2"
528,"28.93","4.1328571428571429","3"
528,"56.89","5.1718181818181818","4"
529,"3.97","1.32333333333333333333","2"
529,"57.88","4.8233333333333333","3"
529,"53.87","4.1438461538461538","4"
530,"5.97","1.9900000000000000","2"
530,"31.92","3.9900000000000000","3"
530,"34.90","3.4900000000000000","4"
530,"2.99","2.9900000000000000","5"
531,"2.99","2.9900000000000000","2"
531,"42.92","5.3650000000000000","3"
531,"64.86","4.6328571428571429","4"
532,"8.98","4.4900000000000000","2"
532,"69.86","4.9900000000000000","3"
532,"69.86","4.9900000000000000","4"
532,"0.99","0.99000000000000000000","5"
533,"18.94","3.1566666666666667","2"
533,"51.90","5.1900000000000000","3"
533,"58.87","4.5284615384615385","4"
533,"2.99","2.9900000000000000","5"
534,"15.95","3.1900000000000000","2"
534,"36.91","4.1011111111111111","3"
534,"25.93","3.7042857142857143","4"
534,"2.99","2.9900000000000000","5"
535,"9.98","4.9900000000000000","2"
535,"63.85","4.2566666666666667","3"
535,"48.89","4.4445454545454545","4"
536,"10.97","3.6566666666666667","2"
536,"46.92","5.8650000000000000","3"
536,"51.88","4.3233333333333333","4"
537,"23.96","5.9900000000000000","2"
537,"28.93","4.1328571428571429","3"
537,"40.88","3.4066666666666667","4"
537,"4.99","4.9900000000000000","5"
538,"18.96","4.7400000000000000","2"
538,"38.91","4.3233333333333333","3"
538,"51.86","3.7042857142857143","4"
539,"9.97","3.3233333333333333","2"
539,"18.95","3.7900000000000000","3"
539,"55.88","4.6566666666666667","4"
540,"18.95","3.7900000000000000","2"
540,"53.90","5.3900000000000000","3"
540,"39.91","4.4344444444444444","4"
541,"9.98","4.9900000000000000","2"
541,"51.87","3.9900000000000000","3"
541,"33.93","4.8471428571428571","4"
542,"15.98","7.9900000000000000","2"
542,"20.94","3.4900000000000000","3"
542,"47.92","5.9900000000000000","4"
543,"21.95","4.3900000000000000","2"
543,"23.93","3.4185714285714286","3"
543,"27.92","3.4900000000000000","4"
544,"16.96","4.2400000000000000","2"
544,"45.90","4.5900000000000000","3"
544,"29.94","4.9900000000000000","4"
545,"2.99","2.9900000000000000","2"
545,"38.91","4.3233333333333333","3"
545,"42.91","4.7677777777777778","4"
546,"12.96","3.2400000000000000","2"
546,"37.91","4.2122222222222222","3"
546,"43.89","3.9900000000000000","4"
547,"8.99","8.9900000000000000","2"
547,"36.91","4.1011111111111111","3"
547,"41.90","4.1900000000000000","4"
548,"5.97","1.9900000000000000","2"
548,"26.94","4.4900000000000000","3"
548,"29.94","4.9900000000000000","4"
548,"0.99","0.99000000000000000000","5"
549,"2.99","2.9900000000000000","2"
549,"17.94","2.9900000000000000","3"
549,"41.91","4.6566666666666667","4"
550,"39.94","6.6566666666666667","2"
550,"63.87","4.9130769230769231","3"
550,"44.89","4.0809090909090909","4"
550,"2.99","2.9900000000000000","5"
551,"8.98","4.4900000000000000","2"
551,"37.89","3.4445454545454545","3"
551,"28.92","3.6150000000000000","4"
552,"5.98","2.9900000000000000","2"
552,"34.91","3.8788888888888889","3"
552,"48.91","5.4344444444444444","4"
553,"19.97","6.6566666666666667","2"
553,"13.96","3.4900000000000000","3"
553,"68.84","4.3025000000000000","4"
554,"21.96","5.4900000000000000","2"
554,"56.88","4.7400000000000000","3"
554,"16.96","4.2400000000000000","4"
555,"1.99","1.99000000000000000000","2"
555,"42.90","4.2900000000000000","3"
555,"29.94","4.9900000000000000","4"
556,"25.95","5.1900000000000000","2"
556,"23.94","3.9900000000000000","3"
556,"22.93","3.2757142857142857","4"
557,"11.97","3.9900000000000000","2"
557,"19.92","2.4900000000000000","3"
557,"26.90","2.6900000000000000","4"
557,"4.99","4.9900000000000000","5"
558,"27.95","5.5900000000000000","2"
558,"36.92","4.6150000000000000","3"
558,"70.85","4.7233333333333333","4"
559,"12.96","3.2400000000000000","2"
559,"55.88","4.6566666666666667","3"
559,"41.88","3.4900000000000000","4"
560,"6.98","3.4900000000000000","2"
560,"56.89","5.1718181818181818","3"
560,"59.86","4.2757142857142857","4"
560,"5.98","2.9900000000000000","5"
561,"33.91","3.7677777777777778","2"
561,"21.92","2.7400000000000000","3"
561,"29.93","4.2757142857142857","4"
561,"0.99","0.99000000000000000000","5"
562,"17.96","4.4900000000000000","2"
562,"40.91","4.5455555555555556","3"
562,"38.91","4.3233333333333333","4"
563,"5.98","2.9900000000000000","2"
563,"32.91","3.6566666666666667","3"
563,"60.84","3.8025000000000000","4"
564,"2.99","2.9900000000000000","2"
564,"41.88","3.4900000000000000","3"
564,"37.91","4.2122222222222222","4"
565,"16.97","5.6566666666666667","2"
565,"66.87","5.1438461538461538","3"
565,"34.89","3.1718181818181818","4"
566,"16.96","4.2400000000000000","2"
566,"41.90","4.1900000000000000","3"
566,"71.82","3.9900000000000000","4"
567,"7.98","3.9900000000000000","2"
567,"36.93","5.2757142857142857","3"
567,"40.89","3.7172727272727273","4"
568,"17.95","3.5900000000000000","2"
568,"21.93","3.1328571428571429","3"
568,"23.92","2.9900000000000000","4"
568,"2.99","2.9900000000000000","5"
569,"12.98","6.4900000000000000","2"
569,"72.83","4.2841176470588235","3"
569,"27.92","3.4900000000000000","4"
570,"32.93","4.7042857142857143","2"
570,"12.97","4.3233333333333333","3"
570,"44.86","3.2042857142857143","4"
570,"0.99","0.99000000000000000000","5"
571,"32.94","5.4900000000000000","2"
571,"25.93","3.7042857142857143","3"
571,"48.91","5.4344444444444444","4"
572,"12.97","4.3233333333333333","2"
572,"35.91","3.9900000000000000","3"
572,"51.88","4.3233333333333333","4"
573,"20.96","5.2400000000000000","2"
573,"25.91","2.8788888888888889","3"
573,"70.85","4.7233333333333333","4"
574,"15.95","3.1900000000000000","2"
574,"27.93","3.9900000000000000","3"
574,"64.85","4.3233333333333333","4"
575,"10.97","3.6566666666666667","2"
575,"61.88","5.1566666666666667","3"
575,"36.91","4.1011111111111111","4"
576,"33.93","4.8471428571428571","2"
576,"31.92","3.9900000000000000","3"
576,"63.85","4.2566666666666667","4"
576,"5.98","2.9900000000000000","5"
577,"13.97","4.6566666666666667","2"
577,"44.88","3.7400000000000000","3"
577,"52.89","4.8081818181818182","4"
578,"14.97","4.9900000000000000","2"
578,"31.94","5.3233333333333333","3"
578,"48.88","4.0733333333333333","4"
579,"12.97","4.3233333333333333","2"
579,"31.91","3.5455555555555556","3"
579,"65.86","4.7042857142857143","4"
579,"0.99","0.99000000000000000000","5"
580,"0.99","0.99000000000000000000","2"
580,"47.90","4.7900000000000000","3"
580,"49.85","3.3233333333333333","4"
581,"11.97","3.9900000000000000","2"
581,"27.92","3.4900000000000000","3"
581,"57.86","4.1328571428571429","4"
582,"11.97","3.9900000000000000","2"
582,"43.90","4.3900000000000000","3"
582,"53.90","5.3900000000000000","4"
582,"2.99","2.9900000000000000","5"
583,"29.94","4.9900000000000000","2"
583,"18.95","3.7900000000000000","3"
583,"68.88","5.7400000000000000","4"
584,"10.98","5.4900000000000000","2"
584,"58.87","4.5284615384615385","3"
584,"44.88","3.7400000000000000","4"
585,"13.96","3.4900000000000000","2"
585,"27.94","4.6566666666666667","3"
585,"70.87","5.4515384615384615","4"
585,"4.99","4.9900000000000000","5"
586,"3.98","1.9900000000000000","2"
586,"22.91","2.5455555555555556","3"
586,"23.94","3.9900000000000000","4"
587,"15.96","3.9900000000000000","2"
587,"36.91","4.1011111111111111","3"
587,"48.90","4.8900000000000000","4"
587,"0.99","0.99000000000000000000","5"
588,"24.95","4.9900000000000000","2"
588,"29.92","3.7400000000000000","3"
588,"52.86","3.7757142857142857","4"
589,"30.95","6.1900000000000000","2"
589,"49.90","4.9900000000000000","3"
589,"37.90","3.7900000000000000","4"
590,"30.95","6.1900000000000000","2"
590,"17.96","4.4900000000000000","3"
590,"56.86","4.0614285714285714","4"
590,"2.99","2.9900000000000000","5"
591,"8.97","2.9900000000000000","2"
591,"49.91","5.5455555555555556","3"
591,"75.85","5.0566666666666667","4"
592,"24.95","4.9900000000000000","2"
592,"23.92","2.9900000000000000","3"
592,"61.85","4.1233333333333333","4"
592,"0.99","0.99000000000000000000","5"
593,"20.96","5.2400000000000000","2"
593,"35.92","4.4900000000000000","3"
593,"44.88","3.7400000000000000","4"
594,"23.94","3.9900000000000000","2"
594,"18.97","6.3233333333333333","3"
594,"65.86","4.7042857142857143","4"
595,"7.98","3.9900000000000000","2"
595,"15.92","1.9900000000000000","3"
595,"86.81","4.5689473684210526","4"
596,"3.98","1.9900000000000000","2"
596,"46.87","3.6053846153846154","3"
596,"21.94","3.6566666666666667","4"
596,"0.99","0.99000000000000000000","5"
597,"7.97","2.6566666666666667","2"
597,"46.89","4.2627272727272727","3"
597,"27.92","3.4900000000000000","4"
597,"4.99","4.9900000000000000","5"
598,"2.99","2.9900000000000000","2"
598,"15.95","3.1900000000000000","3"
598,"64.84","4.0525000000000000","4"
599,"20.96","5.2400000000000000","2"
599,"27.93","3.9900000000000000","3"
599,"29.93","4.2757142857142857","4"
